URL,Status Code
https://drngpit.ac.in/administrator,301
https://drngpit.ac.in/login,301
https://drngpit.ac.in/dashboard,301
https://drngpit.ac.in/admin,301
https://drngpit.ac.in/logout,301
https://drngpit.ac.in/signup,301
https://drngpit.ac.in/signin,301
https://drngpit.ac.in/control,301
https://drngpit.ac.in/register,301
https://drngpit.ac.in/panel,301
https://drngpit.ac.in/controlpanel,301
https://drngpit.ac.in/default,301
https://drngpit.ac.in/home,301
https://drngpit.ac.in/main,301
https://drngpit.ac.in/portal,301
https://drngpit.ac.in/index.html,301
https://drngpit.ac.in/index,301
https://drngpit.ac.in/user,301
https://drngpit.ac.in/cpanel,301
https://drngpit.ac.in/index.php,301
https://drngpit.ac.in/users,301
https://drngpit.ac.in/profile,301
https://drngpit.ac.in/account,301
https://drngpit.ac.in/members,301
https://drngpit.ac.in/accounts,301
https://drngpit.ac.in/staff,301
https://drngpit.ac.in/member,301
https://drngpit.ac.in/employee,301
https://drngpit.ac.in/employees,301
https://drngpit.ac.in/manager,301
https://drngpit.ac.in/config,301
https://drngpit.ac.in/settings,301
https://drngpit.ac.in/configuration,301
https://drngpit.ac.in/backup,301
https://drngpit.ac.in/database,301
https://drngpit.ac.in/backup.sql,301
https://drngpit.ac.in/system,301
https://drngpit.ac.in/backup.zip,301
https://drngpit.ac.in/backups,301
https://drngpit.ac.in/server,301
https://drngpit.ac.in/db,301
https://drngpit.ac.in/phpmyadmin,301
https://drngpit.ac.in/mysql,301
https://drngpit.ac.in/secret,301
https://drngpit.ac.in/auth,301
https://drngpit.ac.in/api/v1,301
https://drngpit.ac.in/api/v2,301
https://drngpit.ac.in/token,301
https://drngpit.ac.in/api,301
https://drngpit.ac.in/oauth,301
https://drngpit.ac.in/private,301
https://drngpit.ac.in/internal,301
https://drngpit.ac.in/hidden,301
https://drngpit.ac.in/test,301
https://drngpit.ac.in/demo,301
https://drngpit.ac.in/log,301
https://drngpit.ac.in/tmp,301
https://drngpit.ac.in/cache,301
https://drngpit.ac.in/logs,301
https://drngpit.ac.in/temp,301
https://drngpit.ac.in/testing,301
https://drngpit.ac.in/error,301
https://drngpit.ac.in/errors,301
https://drngpit.ac.in/debug,301
https://drngpit.ac.in/download,301
https://drngpit.ac.in/status,301
https://drngpit.ac.in/uploads,301
https://drngpit.ac.in/upload,301
https://drngpit.ac.in/monitor,301
https://drngpit.ac.in/downloads,301
https://drngpit.ac.in/health,301
https://drngpit.ac.in/documents,301
https://drngpit.ac.in/files,301
https://drngpit.ac.in/docs,301
https://drngpit.ac.in/icons,301
https://drngpit.ac.in/assets,301
https://drngpit.ac.in/images,301
https://drngpit.ac.in/img,301
https://drngpit.ac.in/javascript,301
https://drngpit.ac.in/static,301
https://drngpit.ac.in/media,301
https://drngpit.ac.in/fonts,301
https://drngpit.ac.in/css,301
https://drngpit.ac.in/js,301
https://drngpit.ac.in/lib,301
https://drngpit.ac.in/library,301
https://drngpit.ac.in/vendor,301
https://drngpit.ac.in/includes,301
https://drngpit.ac.in/crossdomain.xml,301
https://drngpit.ac.in/secure,301
https://drngpit.ac.in/sitemap.xml,301
https://drngpit.ac.in/robots.txt,301
https://drngpit.ac.in/private,301
https://drngpit.ac.in/public,301
https://drngpit.ac.in/readme,301
https://drngpit.ac.in/favicon.ico,301
https://drngpit.ac.in/README.md,301
https://drngpit.ac.in/license,301
https://drngpit.ac.in/.env,301
https://drngpit.ac.in/LICENSE,301
https://drngpit.ac.in/.gitignore,301
https://drngpit.ac.in/.git/config,301
https://drngpit.ac.in/.git,301
https://drngpit.ac.in/.env.example,301
https://drngpit.ac.in/.hg,301
https://drngpit.ac.in/.svn,301
https://drngpit.ac.in/.git/HEAD,301
https://drngpit.ac.in/docker,301
https://drngpit.ac.in/docker-compose.yml,301
https://drngpit.ac.in/backup.old,301
https://drngpit.ac.in/old,301
https://drngpit.ac.in/archives,301
https://drngpit.ac.in/zip,301
https://drngpit.ac.in/archive,301
https://drngpit.ac.in/login.php,301
https://drngpit.ac.in/admin.php,301
https://drngpit.ac.in/config.php,301
https://drngpit.ac.in/tar,301
https://drngpit.ac.in/installer,301
https://drngpit.ac.in/install,301
https://drngpit.ac.in/setup.php,301
https://drngpit.ac.in/webmail,301
https://drngpit.ac.in/setup,301
https://drngpit.ac.in/mail,301
https://drngpit.ac.in/contact,301
https://drngpit.ac.in/support,301
https://drngpit.ac.in/help,301
https://drngpit.ac.in/email,301
https://drngpit.ac.in/blog,301
https://drngpit.ac.in/search,301
https://drngpit.ac.in/news,301
https://drngpit.ac.in/shop,301
https://drngpit.ac.in/store,301
https://drngpit.ac.in/cart,301
https://drngpit.ac.in/payment,301
https://drngpit.ac.in/invoice,301
https://drngpit.ac.in/reports,301
https://drngpit.ac.in/checkout,301
https://drngpit.ac.in/stats,301
https://drngpit.ac.in/analytics,301
https://drngpit.ac.in/monitoring,301
